product_type;mission;level;origin_level;instrument;mode;type;groups;published_by;consumed_by
S1_RAW__0S;S1;L0_;L0_;SAR;SM;RAW;PRODUCT|L0;_|PRIP|LTA|DA|DHUS;_|_|LTA|DA
S2_RAW__0S;S1;L0_;L0_;SAR;SM;RAW;PRODUCT|L0;_|PRIP|LTA|DA|DHUS;_|_|LTA|DA
S3_RAW__0S;S1;L0_;L0_;SAR;SM;RAW;PRODUCT|L0;_|PRIP|LTA|DA|DHUS;_|_|LTA|DA
S4_RAW__0S;S1;L0_;L0_;SAR;SM;RAW;PRODUCT|L0;_|PRIP|LTA|DA|DHUS;_|_|LTA|DA
S5_RAW__0S;S1;L0_;L0_;SAR;SM;RAW;PRODUCT|L0;_|PRIP|LTA|DA|DHUS;_|_|LTA|DA
S6_RAW__0S;S1;L0_;L0_;SAR;SM;RAW;PRODUCT|L0;_|PRIP|LTA|DA|DHUS;_|_|LTA|DA
S1_RAW__0C;S1;L0_;L0_;SAR;SM;RAW;PRODUCT|L0;_|PRIP|LTA|DA|_;_|_|LTA|DA
S2_RAW__0C;S1;L0_;L0_;SAR;SM;RAW;PRODUCT|L0;_|PRIP|LTA|DA|_;_|_|LTA|DA
S3_RAW__0C;S1;L0_;L0_;SAR;SM;RAW;PRODUCT|L0;_|PRIP|LTA|DA|_;_|_|LTA|DA
S4_RAW__0C;S1;L0_;L0_;SAR;SM;RAW;PRODUCT|L0;_|PRIP|LTA|DA|_;_|_|LTA|DA
S5_RAW__0C;S1;L0_;L0_;SAR;SM;RAW;PRODUCT|L0;_|PRIP|LTA|DA|_;_|_|LTA|DA
S6_RAW__0C;S1;L0_;L0_;SAR;SM;RAW;PRODUCT|L0;_|PRIP|LTA|DA|_;_|_|LTA|DA
S1_RAW__0N;S1;L0_;L0_;SAR;SM;RAW;PRODUCT|L0;_|PRIP|LTA|DA|_;_|_|LTA|DA
S2_RAW__0N;S1;L0_;L0_;SAR;SM;RAW;PRODUCT|L0;_|PRIP|LTA|DA|_;_|_|LTA|DA
S3_RAW__0N;S1;L0_;L0_;SAR;SM;RAW;PRODUCT|L0;_|PRIP|LTA|DA|_;_|_|LTA|DA
S4_RAW__0N;S1;L0_;L0_;SAR;SM;RAW;PRODUCT|L0;_|PRIP|LTA|DA|_;_|_|LTA|DA
S5_RAW__0N;S1;L0_;L0_;SAR;SM;RAW;PRODUCT|L0;_|PRIP|LTA|DA|_;_|_|LTA|DA
S6_RAW__0N;S1;L0_;L0_;SAR;SM;RAW;PRODUCT|L0;_|PRIP|LTA|DA|_;_|_|LTA|DA
S1_RAW__0A;S1;L0_;L0_;SAR;SM;RAW;PRODUCT|L0;_|PRIP|LTA|DA|_;_|_|LTA|DA
S2_RAW__0A;S1;L0_;L0_;SAR;SM;RAW;PRODUCT|L0;_|PRIP|LTA|DA|_;_|_|LTA|DA
S3_RAW__0A;S1;L0_;L0_;SAR;SM;RAW;PRODUCT|L0;_|PRIP|LTA|DA|_;_|_|LTA|DA
S4_RAW__0A;S1;L0_;L0_;SAR;SM;RAW;PRODUCT|L0;_|PRIP|LTA|DA|_;_|_|LTA|DA
S5_RAW__0A;S1;L0_;L0_;SAR;SM;RAW;PRODUCT|L0;_|PRIP|LTA|DA|_;_|_|LTA|DA
S6_RAW__0A;S1;L0_;L0_;SAR;SM;RAW;PRODUCT|L0;_|PRIP|LTA|DA|_;_|_|LTA|DA
S1_SLC__1S;S1;L1_;L1_;SAR;SM;SLC;PRODUCT;_|PRIP|_|DA|DHUS;_|_|_|DA
S2_SLC__1S;S1;L1_;L1_;SAR;SM;SLC;PRODUCT;_|PRIP|_|DA|DHUS;_|_|_|DA
S3_SLC__1S;S1;L1_;L1_;SAR;SM;SLC;PRODUCT;_|PRIP|_|DA|DHUS;_|_|_|DA
S4_SLC__1S;S1;L1_;L1_;SAR;SM;SLC;PRODUCT;_|PRIP|_|DA|DHUS;_|_|_|DA
S5_SLC__1S;S1;L1_;L1_;SAR;SM;SLC;PRODUCT;_|PRIP|_|DA|DHUS;_|_|_|DA
S6_SLC__1S;S1;L1_;L1_;SAR;SM;SLC;PRODUCT;_|PRIP|_|DA|DHUS;_|_|_|DA
S1_SLC__1A;S1;L1_;L1_;SAR;SM;SLC;PRODUCT;_|PRIP|_|DA|_;_|_|_|DA
S2_SLC__1A;S1;L1_;L1_;SAR;SM;SLC;PRODUCT;_|PRIP|_|DA|_;_|_|_|DA
S3_SLC__1A;S1;L1_;L1_;SAR;SM;SLC;PRODUCT;_|PRIP|_|DA|_;_|_|_|DA
S4_SLC__1A;S1;L1_;L1_;SAR;SM;SLC;PRODUCT;_|PRIP|_|DA|_;_|_|_|DA
S5_SLC__1A;S1;L1_;L1_;SAR;SM;SLC;PRODUCT;_|PRIP|_|DA|_;_|_|_|DA
S6_SLC__1A;S1;L1_;L1_;SAR;SM;SLC;PRODUCT;_|PRIP|_|DA|_;_|_|_|DA
S1_GRDF_1S;S1;L1_;L1_;SAR;SM;GRD;PRODUCT;_|PRIP|_|DA|DHUS;_|_|_|DA
S2_GRDF_1S;S1;L1_;L1_;SAR;SM;GRD;PRODUCT;_|PRIP|_|DA|DHUS;_|_|_|DA
S3_GRDF_1S;S1;L1_;L1_;SAR;SM;GRD;PRODUCT;_|PRIP|_|DA|DHUS;_|_|_|DA
S4_GRDF_1S;S1;L1_;L1_;SAR;SM;GRD;PRODUCT;_|PRIP|_|DA|DHUS;_|_|_|DA
S5_GRDF_1S;S1;L1_;L1_;SAR;SM;GRD;PRODUCT;_|PRIP|_|DA|DHUS;_|_|_|DA
S6_GRDF_1S;S1;L1_;L1_;SAR;SM;GRD;PRODUCT;_|PRIP|_|DA|DHUS;_|_|_|DA
S1_GRDF_1A;S1;L1_;L1_;SAR;SM;GRD;PRODUCT;_|PRIP|_|DA|_;_|_|_|DA
S2_GRDF_1A;S1;L1_;L1_;SAR;SM;GRD;PRODUCT;_|PRIP|_|DA|_;_|_|_|DA
S3_GRDF_1A;S1;L1_;L1_;SAR;SM;GRD;PRODUCT;_|PRIP|_|DA|_;_|_|_|DA
S4_GRDF_1A;S1;L1_;L1_;SAR;SM;GRD;PRODUCT;_|PRIP|_|DA|_;_|_|_|DA
S5_GRDF_1A;S1;L1_;L1_;SAR;SM;GRD;PRODUCT;_|PRIP|_|DA|_;_|_|_|DA
S6_GRDF_1A;S1;L1_;L1_;SAR;SM;GRD;PRODUCT;_|PRIP|_|DA|_;_|_|_|DA
S1_GRDH_1S;S1;L1_;L1_;SAR;SM;GRD;PRODUCT;_|PRIP|_|DA|DHUS;_|_|_|DA
S2_GRDH_1S;S1;L1_;L1_;SAR;SM;GRD;PRODUCT;_|PRIP|_|DA|DHUS;_|_|_|DA
S3_GRDH_1S;S1;L1_;L1_;SAR;SM;GRD;PRODUCT;_|PRIP|_|DA|DHUS;_|_|_|DA
S4_GRDH_1S;S1;L1_;L1_;SAR;SM;GRD;PRODUCT;_|PRIP|_|DA|DHUS;_|_|_|DA
S5_GRDH_1S;S1;L1_;L1_;SAR;SM;GRD;PRODUCT;_|PRIP|_|DA|DHUS;_|_|_|DA
S6_GRDH_1S;S1;L1_;L1_;SAR;SM;GRD;PRODUCT;_|PRIP|_|DA|DHUS;_|_|_|DA
S1_GRDH_1A;S1;L1_;L1_;SAR;SM;GRD;PRODUCT;_|PRIP|_|DA|_;_|_|_|DA
S2_GRDH_1A;S1;L1_;L1_;SAR;SM;GRD;PRODUCT;_|PRIP|_|DA|_;_|_|_|DA
S3_GRDH_1A;S1;L1_;L1_;SAR;SM;GRD;PRODUCT;_|PRIP|_|DA|_;_|_|_|DA
S4_GRDH_1A;S1;L1_;L1_;SAR;SM;GRD;PRODUCT;_|PRIP|_|DA|_;_|_|_|DA
S5_GRDH_1A;S1;L1_;L1_;SAR;SM;GRD;PRODUCT;_|PRIP|_|DA|_;_|_|_|DA
S6_GRDH_1A;S1;L1_;L1_;SAR;SM;GRD;PRODUCT;_|PRIP|_|DA|_;_|_|_|DA
S1_GRDM_1S;S1;L1_;L1_;SAR;SM;GRD;PRODUCT;_|PRIP|_|DA|DHUS;_|_|_|DA
S2_GRDM_1S;S1;L1_;L1_;SAR;SM;GRD;PRODUCT;_|PRIP|_|DA|DHUS;_|_|_|DA
S3_GRDM_1S;S1;L1_;L1_;SAR;SM;GRD;PRODUCT;_|PRIP|_|DA|DHUS;_|_|_|DA
S4_GRDM_1S;S1;L1_;L1_;SAR;SM;GRD;PRODUCT;_|PRIP|_|DA|DHUS;_|_|_|DA
S5_GRDM_1S;S1;L1_;L1_;SAR;SM;GRD;PRODUCT;_|PRIP|_|DA|DHUS;_|_|_|DA
S6_GRDM_1S;S1;L1_;L1_;SAR;SM;GRD;PRODUCT;_|PRIP|_|DA|DHUS;_|_|_|DA
S1_GRDM_1A;S1;L1_;L1_;SAR;SM;GRD;PRODUCT;_|PRIP|_|DA|_;_|_|_|DA
S2_GRDM_1A;S1;L1_;L1_;SAR;SM;GRD;PRODUCT;_|PRIP|_|DA|_;_|_|_|DA
S3_GRDM_1A;S1;L1_;L1_;SAR;SM;GRD;PRODUCT;_|PRIP|_|DA|_;_|_|_|DA
S4_GRDM_1A;S1;L1_;L1_;SAR;SM;GRD;PRODUCT;_|PRIP|_|DA|_;_|_|_|DA
S5_GRDM_1A;S1;L1_;L1_;SAR;SM;GRD;PRODUCT;_|PRIP|_|DA|_;_|_|_|DA
S6_GRDM_1A;S1;L1_;L1_;SAR;SM;GRD;PRODUCT;_|PRIP|_|DA|_;_|_|_|DA
S1_OCN__2S;S1;L2_;L2_;SAR;SM;OCN;PRODUCT;_|PRIP|_|DA|DHUS;_|_|_|DA
S2_OCN__2S;S1;L2_;L2_;SAR;SM;OCN;PRODUCT;_|PRIP|_|DA|DHUS;_|_|_|DA
S3_OCN__2S;S1;L2_;L2_;SAR;SM;OCN;PRODUCT;_|PRIP|_|DA|DHUS;_|_|_|DA
S4_OCN__2S;S1;L2_;L2_;SAR;SM;OCN;PRODUCT;_|PRIP|_|DA|DHUS;_|_|_|DA
S5_OCN__2S;S1;L2_;L2_;SAR;SM;OCN;PRODUCT;_|PRIP|_|DA|DHUS;_|_|_|DA
S6_OCN__2S;S1;L2_;L2_;SAR;SM;OCN;PRODUCT;_|PRIP|_|DA|DHUS;_|_|_|DA
S1_OCN__2A;S1;L2_;L2_;SAR;SM;OCN;PRODUCT;_|PRIP|_|DA|_;_|_|_|DA
S2_OCN__2A;S1;L2_;L2_;SAR;SM;OCN;PRODUCT;_|PRIP|_|DA|_;_|_|_|DA
S3_OCN__2A;S1;L2_;L2_;SAR;SM;OCN;PRODUCT;_|PRIP|_|DA|_;_|_|_|DA
S4_OCN__2A;S1;L2_;L2_;SAR;SM;OCN;PRODUCT;_|PRIP|_|DA|_;_|_|_|DA
S5_OCN__2A;S1;L2_;L2_;SAR;SM;OCN;PRODUCT;_|PRIP|_|DA|_;_|_|_|DA
S6_OCN__2A;S1;L2_;L2_;SAR;SM;OCN;PRODUCT;_|PRIP|_|DA|_;_|_|_|DA
IW_RAW__0S;S1;L0_;L0_;SAR;IW;RAW;PRODUCT|L0;_|PRIP|LTA|DA|DHUS;_|_|LTA|DA
IW_RAW__0C;S1;L0_;L0_;SAR;IW;RAW;PRODUCT|L0;_|PRIP|LTA|DA|_;_|_|LTA|DA
IW_RAW__0N;S1;L0_;L0_;SAR;IW;RAW;PRODUCT|L0;_|PRIP|LTA|DA|_;_|_|LTA|DA
IW_RAW__0A;S1;L0_;L0_;SAR;IW;RAW;PRODUCT|L0;_|PRIP|LTA|DA|_;_|_|LTA|DA
IW_SLC__1S;S1;L1_;L1_;SAR;IW;SLC;PRODUCT;_|PRIP|_|DA|DHUS;_|_|_|DA
IW_SLC__1A;S1;L1_;L1_;SAR;IW;SLC;PRODUCT;_|PRIP|_|DA|_;_|_|_|DA
IW_GRDH_1S;S1;L1_;L1_;SAR;IW;GRD;PRODUCT;_|PRIP|_|DA|DHUS;_|_|_|DA
IW_GRDH_1A;S1;L1_;L1_;SAR;IW;GRD;PRODUCT;_|PRIP|_|DA|_;_|_|_|DA
IW_GRDM_1S;S1;L1_;L1_;SAR;IW;GRD;PRODUCT;_|PRIP|_|DA|DHUS;_|_|_|DA
IW_GRDM_1A;S1;L1_;L1_;SAR;IW;GRD;PRODUCT;_|PRIP|_|DA|_;_|_|_|DA
IW_OCN__2S;S1;L2_;L2_;SAR;IW;OCN;PRODUCT;_|PRIP|_|DA|DHUS;_|_|_|DA
IW_OCN__2A;S1;L2_;L2_;SAR;IW;OCN;PRODUCT;_|PRIP|_|DA|_;_|_|_|DA
EW_RAW__0S;S1;L0_;L0_;SAR;EW;RAW;PRODUCT|L0;_|PRIP|LTA|DA|DHUS;_|_|LTA|DA
EW_RAW__0C;S1;L0_;L0_;SAR;EW;RAW;PRODUCT|L0;_|PRIP|LTA|DA|_;_|_|LTA|DA
EW_RAW__0N;S1;L0_;L0_;SAR;EW;RAW;PRODUCT|L0;_|PRIP|LTA|DA|_;_|_|LTA|DA
EW_RAW__0A;S1;L0_;L0_;SAR;EW;RAW;PRODUCT|L0;_|PRIP|LTA|DA|_;_|_|LTA|DA
EW_SLC__1S;S1;L1_;L1_;SAR;EW;SLC;PRODUCT;_|PRIP|_|DA|DHUS;_|_|_|DA
EW_SLC__1A;S1;L1_;L1_;SAR;EW;SLC;PRODUCT;_|PRIP|_|DA|_;_|_|_|DA
EW_GRDH_1S;S1;L1_;L1_;SAR;EW;GRD;PRODUCT;_|PRIP|_|DA|DHUS;_|_|_|DA
EW_GRDH_1A;S1;L1_;L1_;SAR;EW;GRD;PRODUCT;_|PRIP|_|DA|_;_|_|_|DA
EW_GRDM_1S;S1;L1_;L1_;SAR;EW;GRD;PRODUCT;_|PRIP|_|DA|DHUS;_|_|_|DA
EW_GRDM_1A;S1;L1_;L1_;SAR;EW;GRD;PRODUCT;_|PRIP|_|DA|_;_|_|_|DA
EW_OCN__2S;S1;L2_;L2_;SAR;EW;OCN;PRODUCT;_|PRIP|_|DA|DHUS;_|_|_|DA
EW_OCN__2A;S1;L2_;L2_;SAR;EW;OCN;PRODUCT;_|PRIP|_|DA|_;_|_|_|DA
WV_RAW__0S;S1;L0_;L0_;SAR;WV;RAW;PRODUCT|L0;_|PRIP|LTA|DA|_;_|_|LTA|DA
WV_RAW__0C;S1;L0_;L0_;SAR;WV;RAW;PRODUCT|L0;_|PRIP|LTA|DA|_;_|_|LTA|DA
WV_RAW__0N;S1;L0_;L0_;SAR;WV;RAW;PRODUCT|L0;_|PRIP|LTA|DA|_;_|_|LTA|DA
WV_RAW__0A;S1;L0_;L0_;SAR;WV;RAW;PRODUCT|L0;_|PRIP|LTA|DA|_;_|_|LTA|DA
WV_SLC__1S;S1;L1_;L1_;SAR;WV;SLC;PRODUCT;_|PRIP|_|DA|DHUS;_|_|_|DA
WV_SLC__1A;S1;L1_;L1_;SAR;WV;SLC;PRODUCT;_|PRIP|_|DA|_;_|_|_|DA
WV_GRDH_1S;S1;L1_;L1_;SAR;WV;GRD;PRODUCT;_|PRIP|_|DA|DHUS;_|_|_|DA
WV_GRDH_1A;S1;L1_;L1_;SAR;WV;GRD;PRODUCT;_|PRIP|_|DA|_;_|_|_|DA
WV_GRDM_1S;S1;L1_;L1_;SAR;WV;GRD;PRODUCT;_|PRIP|_|DA|DHUS;_|_|_|DA
WV_GRDM_1A;S1;L1_;L1_;SAR;WV;GRD;PRODUCT;_|PRIP|_|DA|_;_|_|_|DA
WV_OCN__2S;S1;L2_;L2_;SAR;WV;OCN;PRODUCT;_|PRIP|_|DA|DHUS;_|_|_|DA
WV_OCN__2A;S1;L2_;L2_;SAR;WV;OCN;PRODUCT;_|PRIP|_|DA|_;_|_|_|DA
RF_RAW__0S;S1;L0_;L0_;SAR;RF Characterisation;RAW;PRODUCT|L0;_|PRIP|LTA|DA|_;_|_|LTA|DA
EN_RAW__0S;S1;L0_;L0_;SAR;Notch Modes;RAW;PRODUCT|L0;_|PRIP|LTA|DA|_;_|_|LTA|DA
N1_RAW__0S;S1;L0_;L0_;SAR;Notch Modes;RAW;PRODUCT|L0;_|PRIP|LTA|DA|_;_|_|LTA|DA
N2_RAW__0S;S1;L0_;L0_;SAR;Notch Modes;RAW;PRODUCT|L0;_|PRIP|LTA|DA|_;_|_|LTA|DA
N3_RAW__0S;S1;L0_;L0_;SAR;Notch Modes;RAW;PRODUCT|L0;_|PRIP|LTA|DA|_;_|_|LTA|DA
N4_RAW__0S;S1;L0_;L0_;SAR;Notch Modes;RAW;PRODUCT|L0;_|PRIP|LTA|DA|_;_|_|LTA|DA
N5_RAW__0S;S1;L0_;L0_;SAR;Notch Modes;RAW;PRODUCT|L0;_|PRIP|LTA|DA|_;_|_|LTA|DA
N6_RAW__0S;S1;L0_;L0_;SAR;Notch Modes;RAW;PRODUCT|L0;_|PRIP|LTA|DA|_;_|_|LTA|DA
Z1_RAW__0S;S1;L0_;L0_;SAR;Notch Modes;RAW;PRODUCT|L0;_|PRIP|LTA|DA|_;_|_|LTA|DA
Z2_RAW__0S;S1;L0_;L0_;SAR;Notch Modes;RAW;PRODUCT|L0;_|PRIP|LTA|DA|_;_|_|LTA|DA
Z3_RAW__0S;S1;L0_;L0_;SAR;Notch Modes;RAW;PRODUCT|L0;_|PRIP|LTA|DA|_;_|_|LTA|DA
Z4_RAW__0S;S1;L0_;L0_;SAR;Notch Modes;RAW;PRODUCT|L0;_|PRIP|LTA|DA|_;_|_|LTA|DA
Z5_RAW__0S;S1;L0_;L0_;SAR;Notch Modes;RAW;PRODUCT|L0;_|PRIP|LTA|DA|_;_|_|LTA|DA
Z6_RAW__0S;S1;L0_;L0_;SAR;Notch Modes;RAW;PRODUCT|L0;_|PRIP|LTA|DA|_;_|_|LTA|DA
Z7_RAW__0S;S1;L0_;L0_;SAR;Notch Modes;RAW;PRODUCT|L0;_|PRIP|LTA|DA|_;_|_|LTA|DA
ZI_RAW__0S;S1;L0_;L0_;SAR;Notch Modes;RAW;PRODUCT|L0;_|PRIP|LTA|DA|_;_|_|LTA|DA
ZW_RAW__0S;S1;L0_;L0_;SAR;Notch Modes;RAW;PRODUCT|L0;_|PRIP|LTA|DA|_;_|_|LTA|DA
N1_GRDF_1A;S1;L1_;L1_;SAR;Notch Modes;GRD;PRODUCT;_|PRIP|_|DA|_;_|_|_|DA
N2_GRDF_1A;S1;L1_;L1_;SAR;Notch Modes;GRD;PRODUCT;_|PRIP|_|DA|_;_|_|_|DA
N3_GRDF_1A;S1;L1_;L1_;SAR;Notch Modes;GRD;PRODUCT;_|PRIP|_|DA|_;_|_|_|DA
N4_GRDF_1A;S1;L1_;L1_;SAR;Notch Modes;GRD;PRODUCT;_|PRIP|_|DA|_;_|_|_|DA
N5_GRDF_1A;S1;L1_;L1_;SAR;Notch Modes;GRD;PRODUCT;_|PRIP|_|DA|_;_|_|_|DA
N6_GRDF_1A;S1;L1_;L1_;SAR;Notch Modes;GRD;PRODUCT;_|PRIP|_|DA|_;_|_|_|DA
N1_GRDH_1A;S1;L1_;L1_;SAR;Notch Modes;GRD;PRODUCT;_|PRIP|_|DA|_;_|_|_|DA
N2_GRDH_1A;S1;L1_;L1_;SAR;Notch Modes;GRD;PRODUCT;_|PRIP|_|DA|_;_|_|_|DA
N3_GRDH_1A;S1;L1_;L1_;SAR;Notch Modes;GRD;PRODUCT;_|PRIP|_|DA|_;_|_|_|DA
N4_GRDH_1A;S1;L1_;L1_;SAR;Notch Modes;GRD;PRODUCT;_|PRIP|_|DA|_;_|_|_|DA
N5_GRDH_1A;S1;L1_;L1_;SAR;Notch Modes;GRD;PRODUCT;_|PRIP|_|DA|_;_|_|_|DA
N6_GRDH_1A;S1;L1_;L1_;SAR;Notch Modes;GRD;PRODUCT;_|PRIP|_|DA|_;_|_|_|DA
N1_GRDM_1A;S1;L1_;L1_;SAR;Notch Modes;GRD;PRODUCT;_|PRIP|_|DA|_;_|_|_|DA
N2_GRDM_1A;S1;L1_;L1_;SAR;Notch Modes;GRD;PRODUCT;_|PRIP|_|DA|_;_|_|_|DA
N3_GRDM_1A;S1;L1_;L1_;SAR;Notch Modes;GRD;PRODUCT;_|PRIP|_|DA|_;_|_|_|DA
N4_GRDM_1A;S1;L1_;L1_;SAR;Notch Modes;GRD;PRODUCT;_|PRIP|_|DA|_;_|_|_|DA
N5_GRDM_1A;S1;L1_;L1_;SAR;Notch Modes;GRD;PRODUCT;_|PRIP|_|DA|_;_|_|_|DA
N6_GRDM_1A;S1;L1_;L1_;SAR;Notch Modes;GRD;PRODUCT;_|PRIP|_|DA|_;_|_|_|DA
N1_SLC__1A;S1;L1_;L1_;SAR;Notch Modes;SLC;PRODUCT;_|PRIP|_|DA|_;_|_|_|DA
N2_SLC__1A;S1;L1_;L1_;SAR;Notch Modes;SLC;PRODUCT;_|PRIP|_|DA|_;_|_|_|DA
N3_SLC__1A;S1;L1_;L1_;SAR;Notch Modes;SLC;PRODUCT;_|PRIP|_|DA|_;_|_|_|DA
N4_SLC__1A;S1;L1_;L1_;SAR;Notch Modes;SLC;PRODUCT;_|PRIP|_|DA|_;_|_|_|DA
N5_SLC__1A;S1;L1_;L1_;SAR;Notch Modes;SLC;PRODUCT;_|PRIP|_|DA|_;_|_|_|DA
N6_SLC__1A;S1;L1_;L1_;SAR;Notch Modes;SLC;PRODUCT;_|PRIP|_|DA|_;_|_|_|DA
___OBS__SS;S1;AUX;AUX;SAR;;Orbit and Burst Synchronisation;PRODUCT;_|PRIP|_|DA|_;_|_|_|DA
GP_RAW__0_;S1;L0_;L0_;GPS;;RAW;PRODUCT|L0;_|PRIP|LTA|DA|_;_|_|LTA|DA
HK_RAW__0_;S1;L0_;L0_;HKTM;;RAW;PRODUCT|L0;_|PRIP|LTA|DA|_;_|_|LTA|DA
AUX_PP1;S1;AUX;AUX;;;;AUX;AUXIP|_|LTA|DA|_;AUXIP|PRIP|LTA|DA
AUX_CAL;S1;AUX;AUX;;;;AUX;AUXIP|_|LTA|DA|_;AUXIP|PRIP|LTA|DA
AUX_INS;S1;AUX;AUX;;;;AUX;AUXIP|_|LTA|DA|_;AUXIP|PRIP|LTA|DA
AUX_PP2;S1;AUX;AUX;;;;AUX;AUXIP|_|LTA|DA|_;AUXIP|PRIP|LTA|DA
AUX_SCS;S1;AUX;AUX;;;;AUX;AUXIP|_|LTA|DA|_;AUXIP|PRIP|LTA|DA
AUX_SCF;S1;AUX;AUX;;;;AUX;AUXIP|_|LTA|DA|_;AUXIP|PRIP|LTA|DA
AUX_ITC;S1;AUX;AUX;;;;AUX;AUXIP|_|LTA|DA|_;AUXIP|PRIP|LTA|DA
AUX_PREORB;S1;AUX;AUX;;;;AUX;AUXIP|_|LTA|DA|_;AUXIP|PRIP|LTA|DA
AUX_POEORB;S1;AUX;AUX;;;;AUX;AUXIP|_|LTA|DA|_;AUXIP|PRIP|LTA|DA
AUX_RESORB;S1;AUX;AUX;;;;AUX;AUXIP|_|LTA|DA|_;AUXIP|PRIP|LTA|DA
AUX_RESATT;S1;AUX;AUX;;;;AUX;AUXIP|_|LTA|DA|_;AUXIP|PRIP|LTA|DA
AUX_GNSSRD;S1;AUX;AUX;;;;AUX;_|_|_|DA|_;AUXIP|_|_|DA
AUX_PROQUA;S1;AUX;AUX;;;;AUX;_|_|_|DA|_;AUXIP|_|_|DA
AUX_WND;S1;AUX;AUX;;;;AUX;AUXIP|_|LTA|DA|_;AUXIP|PRIP|LTA|DA
AUX_WAV;S1;AUX;AUX;;;;AUX;AUXIP|_|LTA|DA|_;AUXIP|PRIP|LTA|DA
AUX_ICE;S1;AUX;AUX;;;;AUX;AUXIP|_|LTA|DA|_;AUXIP|PRIP|LTA|DA
AUX_TRO;S1;AUX;AUX;;;;AUX;AUXIP|_|LTA|DA|_;AUXIP|PRIP|LTA|DA
AUX_TEC;S1;AUX;AUX;;;;AUX;AUXIP|_|LTA|DA|_;AUXIP|PRIP|LTA|DA
AMH_ERRMAT;S1;AUX;AUX;;;;AUX;AUXIP|_|LTA|DA|_;AUXIP|PRIP|LTA|DA
AMV_ERRMAT;S1;AUX;AUX;;;;AUX;AUXIP|_|LTA|DA|_;AUXIP|PRIP|LTA|DA
AUX_OBMEMC;S1;AUX;AUX;;;;AUX;AUXIP|_|_|_|_;AUXIP|PRIP|_|_
MPL_ORBSCT;S1;AUX;AUX;;;;AUX;AUXIP|_|_|_|_;AUXIP|PRIP|_|_
MPL_ORBPRE;S1;AUX;AUX;;;;AUX;AUXIP|_|_|_|_;AUXIP|PRIP|_|_
MPL_ORBRES;S1;AUX;AUX;;;;AUX;AUXIP|_|_|_|_;AUXIP|_|_|_
MPL_TLEPRE;S1;AUX;AUX;;;;AUX;AUXIP|_|_|_|_;AUXIP|_|_|_
TLM_REQ_B;S1;AUX;AUX;;;;AUX;AUXIP|_|_|_|_;AUXIP|_|_|_
TLM_REQ_C;S1;AUX;AUX;;;;AUX;AUXIP|_|_|_|_;AUXIP|_|_|_
TLM_REQ_D;S1;AUX;AUX;;;;AUX;AUXIP|_|_|_|_;AUXIP|_|_|_
TLM_REQ_E;S1;AUX;AUX;;;;AUX;AUXIP|_|_|_|_;AUXIP|_|_|_
TLM_REQ_F;S1;AUX;AUX;;;;AUX;AUXIP|_|_|_|_;AUXIP|_|_|_
AMALFI_REPORT;S1;Quality;Quality;;;;OLQC;_|PRIP|_|_|_;_|_|_|_
MSI_L0__DS;S2;L0_;L0_;MSI;;Datastrip;PRODUCT|L0;_|PRIP|LTA|DA|_;_|_|LTA|DA
MSI_L0__GR;S2;L0_;L0_;MSI;;Granule;PRODUCT|L0;_|PRIP|LTA|DA|_;_|_|LTA|DA
MSI_L1A_DS;S2;L1_;L1A;MSI;;Datastrip;PRODUCT;_|PRIP|_|DA|_;_|_|_|DA
MSI_L1A_GR;S2;L1_;L1A;MSI;;Granule;PRODUCT;_|PRIP|_|DA|_;_|_|_|DA
MSI_L1B_DS;S2;L1_;L1B;MSI;;Datastrip;PRODUCT;_|PRIP|_|DA|_;_|_|LTA|DA
MSI_L1B_GR;S2;L1_;L1B;MSI;;Granule;PRODUCT;_|PRIP|_|DA|_;_|_|LTA|DA
MSI_L1C_DS;S2;L1_;L1C;MSI;;Datastrip;PRODUCT;_|PRIP|_|DA|_;_|_|_|DA
MSI_L1C_TL;S2;L1_;L1C;MSI;;Tile;PRODUCT;_|PRIP|_|DA|DHUS;_|_|_|DA
MSI_L1C_TC;S2;L1_;L1C;MSI;;True Color Image;PRODUCT;_|PRIP|_|DA|Bundled in MSI_L1C___;_|_|_|DA
MSI_L2A_DS;S2;L2_;L2A;MSI;;Datastrip;PRODUCT;_|PRIP|_|DA|_;_|_|_|DA
MSI_L2A_TL;S2;L2_;L2A;MSI;;Tile;PRODUCT;_|PRIP|_|DA|DHUS;_|_|_|DA
MSI_L2A_TC;S2;L2_;L2A;MSI;;True Color Image;PRODUCT;_|PRIP|_|DA|Bundled in MSI_L2A___;_|_|_|DA
PRD_HKTM__;S2;L0_;L0_;HTKM;;Housekeeping Telemetry Data;PRODUCT;_|PRIP|LTA|_|_;_|_|LTA|_
AUX_SADATA;S2;AUX;AUX;SAD;;Satellite Ancillary Data;PRODUCT|AUX;_|PRIP|LTA|_|_;_|_|LTA|_
AUX_PREORB;S2;AUX;AUX;;;;AUX;AUXIP|_|LTA|_|_;AUXIP|_|LTA|_
AUX_RESORB;S2;AUX;AUX;;;;AUX;AUXIP|_|LTA|_|_;AUXIP|_|LTA|_
AUX_GNSSRD;S2;AUX;AUX;;;;AUX;_|_|_|DA|_;_|_|_|DA
AUX_PROQUA;S2;AUX;AUX;;;;AUX;_|_|_|DA|_;_|_|_|DA
AUX_ECMWFD;S2;AUX;AUX;;;;AUX;AUXIP|_|LTA|DA|_;_|PRIP|LTA|DA
AUX_UT1UTC;S2;AUX;AUX;;;;AUX;AUXIP|_|LTA|DA|_;_|PRIP|LTA|DA
AUX_CAMSFO;S2;AUX;AUX;;;;AUX;AUXIP|_|LTA|DA|_;_|PRIP|LTA|DA
AUX_CAMSAN;S2;AUX;AUX;;;;AUX;_|_|_|_|_;_|PRIP|LTA|DA
AUX_CAMSRE;S2;AUX;AUX;;;;AUX;_|_|_|_|_;_|PRIP|LTA|DA
GIP_ATMIMA;S2;AUX;AUX;;;;AUX;AUXIP|PRIP|LTA|DA|_;AUXIP|PRIP|LTA|DA
GIP_ATMSAD;S2;AUX;AUX;;;;AUX;AUXIP|PRIP|LTA|DA|_;AUXIP|PRIP|LTA|DA
GIP_DATATI;S2;AUX;AUX;;;;AUX;AUXIP|PRIP|LTA|DA|_;AUXIP|PRIP|LTA|DA
GIP_LREXTR;S2;AUX;AUX;;;;AUX;AUXIP|PRIP|LTA|DA|_;AUXIP|PRIP|LTA|DA
GIP_INVLOC;S2;AUX;AUX;;;;AUX;AUXIP|PRIP|LTA|DA|_;AUXIP|PRIP|LTA|DA
GIP_VIEDIR;S2;AUX;AUX;;;;AUX;AUXIP|PRIP|LTA|DA|_;AUXIP|PRIP|LTA|DA
GIP_SPAMOD;S2;AUX;AUX;;;;AUX;AUXIP|PRIP|LTA|DA|_;AUXIP|PRIP|LTA|DA
GIP_BLINDP;S2;AUX;AUX;;;;AUX;AUXIP|PRIP|LTA|DA|_;AUXIP|PRIP|LTA|DA
GIP_CLOINV;S2;AUX;AUX;;;;AUX;AUXIP|PRIP|LTA|DA|_;AUXIP|PRIP|LTA|DA
GIP_CLOPAR;S2;AUX;AUX;;;;AUX;AUXIP|PRIP|LTA|DA|_;AUXIP|PRIP|LTA|DA
GIP_PRDLOC;S2;AUX;AUX;;;;AUX;AUXIP|PRIP|LTA|DA|_;AUXIP|PRIP|LTA|DA
GIP_R2PARA;S2;AUX;AUX;;;;AUX;AUXIP|PRIP|LTA|DA|_;AUXIP|PRIP|LTA|DA
GIP_R2SWIR;S2;AUX;AUX;;;;AUX;AUXIP|PRIP|LTA|DA|_;AUXIP|PRIP|LTA|DA
GIP_R2EQOG;S2;AUX;AUX;;;;AUX;AUXIP|PRIP|LTA|DA|_;AUXIP|PRIP|LTA|DA
GIP_R2DEPI;S2;AUX;AUX;;;;AUX;AUXIP|PRIP|LTA|DA|_;AUXIP|PRIP|LTA|DA
GIP_R2DEFI;S2;AUX;AUX;;;;AUX;AUXIP|PRIP|LTA|DA|_;AUXIP|PRIP|LTA|DA
GIP_R2WAFI;S2;AUX;AUX;;;;AUX;AUXIP|PRIP|LTA|DA|_;AUXIP|PRIP|LTA|DA
GIP_R2L2NC;S2;AUX;AUX;;;;AUX;AUXIP|PRIP|LTA|DA|_;AUXIP|PRIP|LTA|DA
GIP_R2DENT;S2;AUX;AUX;;;;AUX;AUXIP|PRIP|LTA|DA|_;AUXIP|PRIP|LTA|DA
GIP_R2DECT;S2;AUX;AUX;;;;AUX;AUXIP|PRIP|LTA|DA|_;AUXIP|PRIP|LTA|DA
GIP_R2NOMO;S2;AUX;AUX;;;;AUX;AUXIP|PRIP|LTA|DA|_;AUXIP|PRIP|LTA|DA
GIP_R2ABCA;S2;AUX;AUX;;;;AUX;AUXIP|PRIP|LTA|DA|_;AUXIP|PRIP|LTA|DA
GIP_R2BINN;S2;AUX;AUX;;;;AUX;AUXIP|PRIP|LTA|DA|_;AUXIP|PRIP|LTA|DA
GIP_R2CRCO;S2;AUX;AUX;;;;AUX;AUXIP|PRIP|LTA|DA|_;AUXIP|PRIP|LTA|DA
GIP_G2PARA;S2;AUX;AUX;;;;AUX;AUXIP|PRIP|LTA|DA|_;AUXIP|PRIP|LTA|DA
GIP_G2PARE;S2;AUX;AUX;;;;AUX;AUXIP|PRIP|LTA|DA|_;AUXIP|PRIP|LTA|DA
GIP_EARMOD;S2;AUX;AUX;;;;AUX;AUXIP|PRIP|LTA|DA|_;AUXIP|PRIP|LTA|DA
GIP_GEOPAR;S2;AUX;AUX;;;;AUX;AUXIP|PRIP|LTA|DA|_;AUXIP|PRIP|LTA|DA
GIP_INTDET;S2;AUX;AUX;;;;AUX;AUXIP|PRIP|LTA|DA|_;AUXIP|PRIP|LTA|DA
GIP_TILPAR;S2;AUX;AUX;;;;AUX;AUXIP|PRIP|LTA|DA|_;AUXIP|PRIP|LTA|DA
GIP_RESPAR;S2;AUX;AUX;;;;AUX;AUXIP|PRIP|LTA|DA|_;AUXIP|PRIP|LTA|DA
GIP_MASPAR;S2;AUX;AUX;;;;AUX;AUXIP|PRIP|LTA|DA|_;AUXIP|PRIP|LTA|DA
GIP_JP2KPA;S2;AUX;AUX;;;;AUX;AUXIP|PRIP|LTA|DA|_;AUXIP|PRIP|LTA|DA
GIP_ECMWFP;S2;AUX;AUX;;;;AUX;AUXIP|PRIP|LTA|DA|_;AUXIP|PRIP|LTA|DA
GIP_DECOMP;S2;AUX;AUX;;;;AUX;AUXIP|PRIP|LTA|DA|_;AUXIP|PRIP|LTA|DA
GIP_OLQCPA;S2;AUX;AUX;;;;AUX;AUXIP|PRIP|LTA|DA|_;AUXIP|PRIP|LTA|DA
GIP_PROBAS;S2;AUX;AUX;;;;AUX;AUXIP|PRIP|LTA|DA|_;AUXIP|PRIP|LTA|DA
GIP_CONVER;S2;AUX;AUX;;;;AUX;AUXIP|PRIP|LTA|DA|_;AUXIP|PRIP|LTA|DA
GIP_R2EOB2;S2;AUX;AUX;;;;AUX;AUXIP|PRIP|LTA|DA|_;AUXIP|PRIP|LTA|DA
GIP_L2ACAC;S2;AUX;AUX;;;;AUX;AUXIP|PRIP|LTA|DA|_;AUXIP|PRIP|LTA|DA
GIP_L2ACSC;S2;AUX;AUX;;;;AUX;AUXIP|PRIP|LTA|DA|_;AUXIP|PRIP|LTA|DA
GIP_PROBA2;S2;AUX;AUX;;;;AUX;AUXIP|PRIP|LTA|DA|_;AUXIP|PRIP|LTA|DA
MPL_ORBPRE;S2;AUX;AUX;;;;AUX;AUXIP|_|_|_|_;AUXIP|_|_|_
MPL_ORBRES;S2;AUX;AUX;;;;AUX;AUXIP|_|_|_|_;AUXIP|_|_|_
MPL_TLEPRE;S2;AUX;AUX;;;;AUX;_|_|_|_|_;_|_|_|_
OLQC_REPORT;S2;Quality;Quality;;;;OLQC;_|PRIP|_|_|_;_|_|_|_
DO_0_DOP___;S3;L0_;L0_;DORIS;;;PRODUCT|L0;_|PRIP|LTA|DA|_;_|_|LTA|DA
DO_0_NAV___;S3;L0_;L0_;DORIS;;;PRODUCT|L0;_|PRIP|LTA|DA|_;_|_|LTA|DA
GN_0_GNS___;S3;L0_;L0_;GNSS;;;PRODUCT|L0;_|PRIP|LTA|DA|_;_|_|LTA|DA
MW_0_MWR___;S3;L0_;L0_;MWR;;;PRODUCT|L0;_|PRIP|LTA|DA|_;_|_|LTA|DA
MW_1_CAL___;S3;L1_;L1_;MWR;;;PRODUCT;_|PRIP|LTA|DA|_;_|_|LTA|DA
MW_1_MWR___;S3;L1_;L1_;MWR;;;PRODUCT;_|PRIP|_|DA|_;_|_|_|DA
OL_0_CR0___;S3;L0_;L0_;OLCI;;;PRODUCT|L0;_|PRIP|LTA|DA|_;_|_|LTA|DA
OL_0_CR1___;S3;L0_;L0_;OLCI;;;PRODUCT|L0;_|PRIP|LTA|DA|_;_|_|LTA|DA
OL_0_EFR___;S3;L0_;L0_;OLCI;;;PRODUCT|L0;_|PRIP|LTA|DA|_;_|_|LTA|DA
OL_1_EFR___;S3;L1_;L1_;OLCI;;;PRODUCT;_|PRIP|_|DA|DHUS;_|_|_|DA
OL_1_ERR___;S3;L1_;L1_;OLCI;;;PRODUCT;_|PRIP|_|DA|DHUS;_|_|_|DA
OL_1_RAC___;S3;L1_;L1_;OLCI;;;PRODUCT;_|PRIP|LTA|DA|_;_|_|LTA|DA
OL_1_SPC___;S3;L1_;L1_;OLCI;;;PRODUCT;_|PRIP|LTA|DA|_;_|_|LTA|DA
OL_2_LFR___;S3;L2_;L2_;OLCI;;;PRODUCT;_|PRIP|_|DA|DHUS;_|_|_|DA
OL_2_LRR___;S3;L2_;L2_;OLCI;;;PRODUCT;_|PRIP|_|DA|DHUS;_|_|_|DA
SL_0_SLT___;S3;L0_;L0_;SLSTR;;;PRODUCT|L0;_|PRIP|LTA|DA|_;_|_|LTA|DA
SL_1_RBT___;S3;L1_;L1_;SLSTR;;;PRODUCT;_|PRIP|_|DA|DHUS;_|_|_|DA
SL_2_LST___;S3;L2_;L2_;SLSTR;;;PRODUCT;_|PRIP|_|DA|DHUS;_|_|_|DA
SL_2_FRP___;S3;L2_;L2_;SLSTR;;;PRODUCT;_|PRIP|_|DA|DHUS;_|_|_|DA
SR_0_SRA___;S3;L0_;L0_;SRAL;;;PRODUCT|L0;_|PRIP|LTA|DA|_;_|_|LTA|DA
SR_0_CAL___;S3;L0_;L0_;SRAL;;;PRODUCT|L0;_|PRIP|LTA|DA|_;_|_|LTA|DA
SR_1_CAL___;S3;L1_;L1_;SRAL;;;PRODUCT;_|PRIP|LTA|DA|_;_|_|LTA|DA
SR_1_SRA___;S3;L1_;L1_;SRAL;;;PRODUCT;_|PRIP|_|DA|DHUS;_|_|_|DA
SR_1_SRA_A_;S3;L1_;L1_;SRAL;;;PRODUCT;_|PRIP|_|DA|DHUS;_|_|_|DA
SR_1_SRA_BS;S3;L1_;L1_;SRAL;;;PRODUCT;_|PRIP|_|DA|DHUS;_|_|_|DA
SR_1_LAN_RD;S3;L2_;L2_;SRAL;;;PRODUCT;_|PRIP|_|_|_;_|_|_|_
SR_2_LAN_SI;S3;L2_;L2_;SRAL;;;PRODUCT;_|PRIP|_|DA|_;_|_|_|DA
SR_2_LAN_HY;S3;L2_;L2_;SRAL;;;PRODUCT;_|PRIP|_|DA|_;_|_|_|DA
SR_2_LAN_LI;S3;L2_;L2_;SRAL;;;PRODUCT;_|PRIP|_|DA|_;_|_|_|DA
SR_2_LAN___;S3;L2_;L2_;SRAL;;;PRODUCT;_|PRIP|_|DA|DHUS;_|_|_|DA
SY_1_MISR__;S3;L1_;L1_;Synergy;;;PRODUCT;_|PRIP|_|DA|_;_|_|_|DA
SY_2_SYN___;S3;L2_;L2_;Synergy;;;PRODUCT;_|PRIP|_|DA|DHUS;_|_|_|DA
SY_2_V10___;S3;L2_;L2_;Synergy;;;PRODUCT;_|PRIP|_|DA|DHUS;_|_|_|DA
SY_2_VG1___;S3;L2_;L2_;Synergy;;;PRODUCT;_|PRIP|_|DA|DHUS;_|_|_|DA
SY_2_VGP___;S3;L2_;L2_;Synergy;;;PRODUCT;_|PRIP|_|DA|DHUS;_|_|_|DA
SY_2_VGK___;S3;L2_;L2_;Synergy;;;PRODUCT;_|PRIP|_|DA|_;_|_|_|DA
SY_2_AOD___;S3;L2_;L2_;Synergy;;;PRODUCT;_|PRIP|_|DA|DHUS;_|_|_|DA
TM_0_HKM___;S3;L0_;L0_;Telemetry Data;;;PRODUCT|L0;_|PRIP|LTA|_|_;_|_|LTA|_
TM_0_HKM2__;S3;L0_;L0_;Telemetry Data;;;PRODUCT|L0;_|PRIP|LTA|_|_;_|_|LTA|_
TM_0_NAT___;S3;L0_;L0_;Telemetry Data;;;PRODUCT|L0;_|PRIP|LTA|_|_;_|_|LTA|_
AUX_MOEORB;S3;AUX;AUX;;;;AUX;_|_|_|DA|_;_|PRIP|_|DA
AUX_POEORB;S3;AUX;AUX;;;;AUX;AUXIP|_|LTA|DA|_;AUXIP|PRIP|LTA|DA
AUX_PRLPTF;S3;AUX;AUX;;;;AUX;_|_|_|_|_;_|PRIP|_|_
AUX_PRCPTF;S3;AUX;AUX;;;;AUX;_|_|LTA|_|_;_|PRIP|LTA|_
AUX_GNSSRD;S3;AUX;AUX;;;;AUX;AUXIP|_|_|DA|_;AUXIP|_|_|DA
AUX_PROQUA;S3;AUX;AUX;;;;AUX;_|_|_|DA|_;_|_|_|DA
AX___MF1_AX;S3;AUX;AUX;;;;AUX;AUXIP|_|LTA|DA|_;_|PRIP|LTA|DA
AX___MFA_AX;S3;AUX;AUX;;;;AUX;AUXIP|_|LTA|DA|_;_|PRIP|LTA|DA
AX___MA1_AX;S3;AUX;AUX;;;;AUX;AUXIP|_|LTA|DA|_;_|PRIP|LTA|DA
AX___MF2_AX;S3;AUX;AUX;;;;AUX;AUXIP|_|LTA|DA|_;_|PRIP|LTA|DA
AX___MA2_AX;S3;AUX;AUX;;;;AUX;AUXIP|_|LTA|DA|_;_|PRIP|LTA|DA
AX___OSF_AX;S3;AUX;AUX;;;;AUX;AUXIP|_|LTA|DA|_;_|PRIP|LTA|DA
AX___FPO_AX;S3;AUX;AUX;;;;AUX;AUXIP|_|LTA|DA|_;_|PRIP|LTA|DA
AX___FRO_AX;S3;AUX;AUX;;;;AUX;AUXIP|_|LTA|DA|_;_|PRIP|LTA|DA
AX___DEM_AX;S3;AUX;AUX;;;;AUX;_|_|_|_|_;_|PRIP|_|_
AX___LWM_AX;S3;AUX;AUX;;;;AUX;_|_|_|_|_;_|PRIP|_|_
AX___OOM_AX;S3;AUX;AUX;;;;AUX;_|_|_|_|_;_|PRIP|_|_
AX___CLM_AX;S3;AUX;AUX;;;;AUX;_|_|_|_|_;_|PRIP|_|_
AX___TRM_AX;S3;AUX;AUX;;;;AUX;_|_|_|_|_;_|PRIP|_|_
AX___CST_AX;S3;AUX;AUX;;;;AUX;_|_|_|_|_;_|PRIP|_|_
SR___CHDNAX;S3;AUX;AUX;;;;AUX;_|_|_|_|_;_|PRIP|_|_
SR___CHDRAX;S3;AUX;AUX;;;;AUX;_|_|_|_|_;_|PRIP|_|_
SR_1_CONMAX;S3;AUX;AUX;;;;AUX;_|_|_|_|_;_|PRIP|_|_
SR_1_CONCAX;S3;AUX;AUX;;;;AUX;_|_|_|_|_;_|PRIP|_|_
SR_2_CON_AX;S3;AUX;AUX;;;;AUX;_|_|_|_|_;_|PRIP|_|_
SR___LSM_AX;S3;AUX;AUX;;;;AUX;_|_|_|_|_;_|PRIP|_|_
SR_2_IC01AX;S3;AUX;AUX;;;;AUX;_|_|_|_|_;_|PRIP|_|_
SR_2_IC02AX;S3;AUX;AUX;;;;AUX;_|_|_|_|_;_|PRIP|_|_
SR_2_IC03AX;S3;AUX;AUX;;;;AUX;_|_|_|_|_;_|PRIP|_|_
SR_2_IC04AX;S3;AUX;AUX;;;;AUX;_|_|_|_|_;_|PRIP|_|_
SR_2_IC05AX;S3;AUX;AUX;;;;AUX;_|_|_|_|_;_|PRIP|_|_
SR_2_IC06AX;S3;AUX;AUX;;;;AUX;_|_|_|_|_;_|PRIP|_|_
SR_2_IC07AX;S3;AUX;AUX;;;;AUX;_|_|_|_|_;_|PRIP|_|_
SR_2_IC08AX;S3;AUX;AUX;;;;AUX;_|_|_|_|_;_|PRIP|_|_
SR_2_IC09AX;S3;AUX;AUX;;;;AUX;_|_|_|_|_;_|PRIP|_|_
SR_2_IC10AX;S3;AUX;AUX;;;;AUX;_|_|_|_|_;_|PRIP|_|_
SR_2_EOT1AX;S3;AUX;AUX;;;;AUX;_|_|_|_|_;_|PRIP|_|_
SR_2_EOT2AX;S3;AUX;AUX;;;;AUX;_|_|_|_|_;_|PRIP|_|_
SR_2_LT1_AX;S3;AUX;AUX;;;;AUX;_|_|_|_|_;_|PRIP|_|_
SR_2_LT2_AX;S3;AUX;AUX;;;;AUX;_|_|_|_|_;_|PRIP|_|_
SR_2_LNEQAX;S3;AUX;AUX;;;;AUX;_|_|_|_|_;_|PRIP|_|_
SR_2_GEO_AX;S3;AUX;AUX;;;;AUX;_|_|_|_|_;_|PRIP|_|_
SR_2_MSS1AX;S3;AUX;AUX;;;;AUX;_|_|_|_|_;_|PRIP|_|_
SR_2_MSS2AX;S3;AUX;AUX;;;;AUX;_|_|_|_|_;_|PRIP|_|_
SR_2_ODLEAX;S3;AUX;AUX;;;;AUX;_|_|_|_|_;_|PRIP|_|_
SR_2_POT_AX;S3;AUX;AUX;;;;AUX;_|_|_|_|_;_|PRIP|_|_
SR_2_WNDLAX;S3;AUX;AUX;;;;AUX;_|_|_|_|_;_|PRIP|_|_
SR_2_WNDSAX;S3;AUX;AUX;;;;AUX;_|_|_|_|_;_|PRIP|_|_
SR_2_SIGLAX;S3;AUX;AUX;;;;AUX;_|_|_|_|_;_|PRIP|_|_
SR_2_SIGSAX;S3;AUX;AUX;;;;AUX;_|_|_|_|_;_|PRIP|_|_
SR_2_SET_AX;S3;AUX;AUX;;;;AUX;_|_|_|_|_;_|PRIP|_|_
SR_2_SSM_AX;S3;AUX;AUX;;;;AUX;_|_|_|_|_;_|PRIP|_|_
SR_2_MSMGAX;S3;AUX;AUX;;;;AUX;_|_|_|_|_;_|PRIP|_|_
SR_2_CP00AX;S3;AUX;AUX;;;;AUX;_|_|_|_|_;_|PRIP|_|_
SR_2_CP06AX;S3;AUX;AUX;;;;AUX;_|_|_|_|_;_|PRIP|_|_
SR_2_CP12AX;S3;AUX;AUX;;;;AUX;_|_|_|_|_;_|PRIP|_|_
SR_2_CP18AX;S3;AUX;AUX;;;;AUX;_|_|_|_|_;_|PRIP|_|_
SR_2_S1AMAX;S3;AUX;AUX;;;;AUX;_|_|_|_|_;_|PRIP|_|_
SR_2_S2AMAX;S3;AUX;AUX;;;;AUX;_|_|_|_|_;_|PRIP|_|_
SR_2_S1PHAX;S3;AUX;AUX;;;;AUX;_|_|_|_|_;_|PRIP|_|_
SR_2_S2PHAX;S3;AUX;AUX;;;;AUX;_|_|_|_|_;_|PRIP|_|_
SR_2_MDT_AX;S3;AUX;AUX;;;;AUX;_|_|_|_|_;_|PRIP|_|_
SR_2_SHD_AX;S3;AUX;AUX;;;;AUX;_|_|_|_|_;_|PRIP|_|_
SR_2_SSBLAX;S3;AUX;AUX;;;;AUX;_|_|_|_|_;_|PRIP|_|_
SR_2_SSBSAX;S3;AUX;AUX;;;;AUX;_|_|_|_|_;_|PRIP|_|_
SR_2_SD01AX;S3;AUX;AUX;;;;AUX;_|_|_|_|_;_|PRIP|_|_
SR_2_SD02AX;S3;AUX;AUX;;;;AUX;_|_|_|_|_;_|PRIP|_|_
SR_2_SD03AX;S3;AUX;AUX;;;;AUX;_|_|_|_|_;_|PRIP|_|_
SR_2_SD04AX;S3;AUX;AUX;;;;AUX;_|_|_|_|_;_|PRIP|_|_
SR_2_SD05AX;S3;AUX;AUX;;;;AUX;_|_|_|_|_;_|PRIP|_|_
SR_2_SD06AX;S3;AUX;AUX;;;;AUX;_|_|_|_|_;_|PRIP|_|_
SR_2_SD07AX;S3;AUX;AUX;;;;AUX;_|_|_|_|_;_|PRIP|_|_
SR_2_SD08AX;S3;AUX;AUX;;;;AUX;_|_|_|_|_;_|PRIP|_|_
SR_2_SD09AX;S3;AUX;AUX;;;;AUX;_|_|_|_|_;_|PRIP|_|_
SR_2_SD10AX;S3;AUX;AUX;;;;AUX;_|_|_|_|_;_|PRIP|_|_
SR_2_SD11AX;S3;AUX;AUX;;;;AUX;_|_|_|_|_;_|PRIP|_|_
SR_2_SD12AX;S3;AUX;AUX;;;;AUX;_|_|_|_|_;_|PRIP|_|_
SR_2_SI01AX;S3;AUX;AUX;;;;AUX;_|_|_|_|_;_|PRIP|_|_
SR_2_SI02AX;S3;AUX;AUX;;;;AUX;_|_|_|_|_;_|PRIP|_|_
SR_2_SI03AX;S3;AUX;AUX;;;;AUX;_|_|_|_|_;_|PRIP|_|_
SR_2_SI04AX;S3;AUX;AUX;;;;AUX;_|_|_|_|_;_|PRIP|_|_
SR_2_SI05AX;S3;AUX;AUX;;;;AUX;_|_|_|_|_;_|PRIP|_|_
SR_2_SI06AX;S3;AUX;AUX;;;;AUX;_|_|_|_|_;_|PRIP|_|_
SR_2_SI07AX;S3;AUX;AUX;;;;AUX;_|_|_|_|_;_|PRIP|_|_
SR_2_SI08AX;S3;AUX;AUX;;;;AUX;_|_|_|_|_;_|PRIP|_|_
SR_2_SI09AX;S3;AUX;AUX;;;;AUX;_|_|_|_|_;_|PRIP|_|_
SR_2_SI10AX;S3;AUX;AUX;;;;AUX;_|_|_|_|_;_|PRIP|_|_
SR_2_SI11AX;S3;AUX;AUX;;;;AUX;_|_|_|_|_;_|PRIP|_|_
SR_2_SI12AX;S3;AUX;AUX;;;;AUX;_|_|_|_|_;_|PRIP|_|_
SR_2_SST_AX;S3;AUX;AUX;;;;AUX;_|_|_|_|_;_|PRIP|_|_
SR_2_LRC_AX;S3;AUX;AUX;;;;AUX;_|_|_|_|_;_|PRIP|_|_
SR_2_SFL_AX;S3;AUX;AUX;;;;AUX;_|_|_|_|_;_|PRIP|_|_
SR_2_FLT_AX;S3;AUX;AUX;;;;AUX;_|_|_|_|_;_|PRIP|_|_
SR_2_RRC_AX;S3;AUX;AUX;;;;AUX;_|_|_|_|_;_|PRIP|_|_
SR_2_CCT_AX;S3;AUX;AUX;;;;AUX;_|_|_|_|_;_|PRIP|_|_
SR_2_SURFAX;S3;AUX;AUX;;;;AUX;_|_|_|_|_;_|PRIP|_|_
SR_2_RET_AX;S3;AUX;AUX;;;;AUX;_|_|_|_|_;_|PRIP|_|_
SR_2_MLM_AX;S3;AUX;AUX;;;;AUX;_|_|_|_|_;_|PRIP|_|_
SR_2_MAG_AX;S3;AUX;AUX;;;;AUX;_|_|_|_|_;_|PRIP|_|_
SR_2_LUTFAX;S3;AUX;AUX;;;;AUX;_|_|_|_|_;_|PRIP|_|_
SR_2_LUTEAX;S3;AUX;AUX;;;;AUX;_|_|_|_|_;_|PRIP|_|_
SR_2_LUTSAX;S3;AUX;AUX;;;;AUX;_|_|_|_|_;_|PRIP|_|_
SR___ROE_AX;S3;AUX;AUX;;;;AUX;AUXIP|_|LTA|DA|_;AUXIP|PRIP|LTA|DA
SR_1_CA1LAX;S3;AUX;AUX;;;;AUX;_|PRIP|LTA|DA|_;_|_|LTA|DA
SR_1_CA1SAX;S3;AUX;AUX;;;;AUX;_|PRIP|LTA|DA|_;_|_|LTA|DA
SR_1_CA2KAX;S3;AUX;AUX;;;;AUX;_|PRIP|LTA|DA|_;_|_|LTA|DA
SR_1_CA2CAX;S3;AUX;AUX;;;;AUX;_|PRIP|LTA|DA|_;_|_|LTA|DA
MW_1_NIR_AX;S3;AUX;AUX;;;;AUX;_|PRIP|LTA|DA|_;_|_|LTA|DA
MW_1_DNB_AX;S3;AUX;AUX;;;;AUX;_|PRIP|LTA|DA|_;_|_|LTA|DA
MW_1_MON_AX;S3;AUX;AUX;;;;AUX;_|PRIP|LTA|DA|_;_|_|LTA|DA
SL_1_VSC_AX;S3;AUX;AUX;;;;AUX;_|PRIP|LTA|DA|_;_|_|LTA|DA
SR___MGNPAX;S3;AUX;AUX;;;;AUX;AUXIP|_|LTA|DA|_;AUXIP|PRIP|LTA|DA
SR___POEPAX;S3;AUX;AUX;;;;AUX;AUXIP|_|LTA|DA|_;AUXIP|PRIP|LTA|DA
SR_2_PMPPAX;S3;AUX;AUX;;;;AUX;AUXIP|_|LTA|_|_;AUXIP|PRIP|LTA|_
SR_2_PCPPAX;S3;AUX;AUX;;;;AUX;AUXIP|_|LTA|DA|_;AUXIP|PRIP|LTA|DA
SR___MDO_AX;S3;AUX;AUX;;;;AUX;AUXIP|_|LTA|_|_;_|PRIP|LTA|_
SR___POESAX;S3;AUX;AUX;;;;AUX;AUXIP|_|LTA|DA|_;_|PRIP|LTA|DA
SR_2_PMPSAX;S3;AUX;AUX;;;;AUX;AUXIP|_|LTA|_|_;_|PRIP|LTA|_
SR_2_PMO_AX;S3;AUX;AUX;;;;AUX;AUXIP|_|LTA|DA|_;_|PRIP|LTA|DA
SR_2_RMO_AX;S3;AUX;AUX;;;;AUX;AUXIP|_|LTA|_|_;_|PRIP|LTA|_
SR_2_POL_AX;S3;AUX;AUX;;;;AUX;AUXIP|_|LTA|DA|_;_|PRIP|LTA|DA
SR_2_PGI_AX;S3;AUX;AUX;;;;AUX;AUXIP|_|LTA|DA|_;_|PRIP|LTA|DA
SR_2_RGI_AX;S3;AUX;AUX;;;;AUX;AUXIP|_|LTA|DA|_;_|PRIP|LTA|DA
SR_1_USO_AX;S3;AUX;AUX;;;;AUX;AUXIP|_|LTA|DA|_;_|PRIP|LTA|DA
SR___MGNSAX;S3;AUX;AUX;;;;AUX;AUXIP|_|LTA|_|_;_|PRIP|LTA|_
SR_2_SIC_AX;S3;AUX;AUX;;;;AUX;AUXIP|_|LTA|DA|_;_|PRIP|LTA|DA
MW_1_SLC_AX;S3;AUX;AUX;;;;AUX;_|_|_|_|_;_|PRIP|_|_
MW___CHDNAX;S3;AUX;AUX;;;;AUX;_|_|_|_|_;_|PRIP|_|_
MW___CHDRAX;S3;AUX;AUX;;;;AUX;_|_|_|_|_;_|PRIP|_|_
MW___STD_AX;S3;AUX;AUX;;;;AUX;_|_|_|_|_;_|PRIP|_|_
OL_1_EO__AX;S3;AUX;AUX;;;;AUX;_|_|_|_|_;_|PRIP|_|_
OL_1_RAC_AX;S3;AUX;AUX;;;;AUX;_|_|_|_|_;_|PRIP|_|_
OL_1_SPC_AX;S3;AUX;AUX;;;;AUX;_|_|_|_|_;_|PRIP|_|_
OL_1_CLUTAX;S3;AUX;AUX;;;;AUX;_|_|_|_|_;_|PRIP|_|_
OL_1_INS_AX;S3;AUX;AUX;;;;AUX;_|_|_|_|_;_|PRIP|_|_
OL_1_CAL_AX;S3;AUX;AUX;;;;AUX;_|_|_|_|_;_|PRIP|_|_
OL_1_PRG_AX;S3;AUX;AUX;;;;AUX;_|_|_|_|_;_|PRIP|_|_
OL_2_PCP_AX;S3;AUX;AUX;;;;AUX;_|_|_|_|_;_|PRIP|_|_
OL_2_PPP_AX;S3;AUX;AUX;;;;AUX;_|_|_|_|_;_|PRIP|_|_
OL_2_CLP_AX;S3;AUX;AUX;;;;AUX;_|_|_|_|_;_|PRIP|_|_
OL_2_WVP_AX;S3;AUX;AUX;;;;AUX;_|_|_|_|_;_|PRIP|_|_
OL_2_ACP_AX;S3;AUX;AUX;;;;AUX;_|_|_|_|_;_|PRIP|_|_
OL_2_OCP_AX;S3;AUX;AUX;;;;AUX;_|_|_|_|_;_|PRIP|_|_
OL_2_VGP_AX;S3;AUX;AUX;;;;AUX;_|_|_|_|_;_|PRIP|_|_
SL_1_PCP_AX;S3;AUX;AUX;;;;AUX;_|_|_|_|_;_|PRIP|_|_
SL_1_ANC_AX;S3;AUX;AUX;;;;AUX;_|_|_|_|_;_|PRIP|_|_
SL_1_N_S1AX;S3;AUX;AUX;;;;AUX;_|_|_|_|_;_|PRIP|_|_
SL_1_N_S2AX;S3;AUX;AUX;;;;AUX;_|_|_|_|_;_|PRIP|_|_
SL_1_N_S3AX;S3;AUX;AUX;;;;AUX;_|_|_|_|_;_|PRIP|_|_
SL_1_O_S1AX;S3;AUX;AUX;;;;AUX;_|_|_|_|_;_|PRIP|_|_
SL_1_O_S2AX;S3;AUX;AUX;;;;AUX;_|_|_|_|_;_|PRIP|_|_
SL_1_O_S3AX;S3;AUX;AUX;;;;AUX;_|_|_|_|_;_|PRIP|_|_
SL_1_NAS4AX;S3;AUX;AUX;;;;AUX;_|_|_|_|_;_|PRIP|_|_
SL_1_NAS5AX;S3;AUX;AUX;;;;AUX;_|_|_|_|_;_|PRIP|_|_
SL_1_NAS6AX;S3;AUX;AUX;;;;AUX;_|_|_|_|_;_|PRIP|_|_
SL_1_NBS4AX;S3;AUX;AUX;;;;AUX;_|_|_|_|_;_|PRIP|_|_
SL_1_NBS5AX;S3;AUX;AUX;;;;AUX;_|_|_|_|_;_|PRIP|_|_
SL_1_NBS6AX;S3;AUX;AUX;;;;AUX;_|_|_|_|_;_|PRIP|_|_
SL_1_OAS4AX;S3;AUX;AUX;;;;AUX;_|_|_|_|_;_|PRIP|_|_
SL_1_OAS5AX;S3;AUX;AUX;;;;AUX;_|_|_|_|_;_|PRIP|_|_
SL_1_OAS6AX;S3;AUX;AUX;;;;AUX;_|_|_|_|_;_|PRIP|_|_
SL_1_OBS4AX;S3;AUX;AUX;;;;AUX;_|_|_|_|_;_|PRIP|_|_
SL_1_OBS5AX;S3;AUX;AUX;;;;AUX;_|_|_|_|_;_|PRIP|_|_
SL_1_OBS6AX;S3;AUX;AUX;;;;AUX;_|_|_|_|_;_|PRIP|_|_
SL_1_N_S7AX;S3;AUX;AUX;;;;AUX;_|_|_|_|_;_|PRIP|_|_
SL_1_N_S8AX;S3;AUX;AUX;;;;AUX;_|_|_|_|_;_|PRIP|_|_
SL_1_N_S9AX;S3;AUX;AUX;;;;AUX;_|_|_|_|_;_|PRIP|_|_
SL_1_N_F1AX;S3;AUX;AUX;;;;AUX;_|_|_|_|_;_|PRIP|_|_
SL_1_N_F2AX;S3;AUX;AUX;;;;AUX;_|_|_|_|_;_|PRIP|_|_
SL_1_O_S7AX;S3;AUX;AUX;;;;AUX;_|_|_|_|_;_|PRIP|_|_
SL_1_O_S8AX;S3;AUX;AUX;;;;AUX;_|_|_|_|_;_|PRIP|_|_
SL_1_O_S9AX;S3;AUX;AUX;;;;AUX;_|_|_|_|_;_|PRIP|_|_
SL_1_O_F1AX;S3;AUX;AUX;;;;AUX;_|_|_|_|_;_|PRIP|_|_
SL_1_O_F2AX;S3;AUX;AUX;;;;AUX;_|_|_|_|_;_|PRIP|_|_
SL_1_VIC_AX;S3;AUX;AUX;;;;AUX;_|_|_|_|_;_|PRIP|_|_
SL_1_GEO_AX;S3;AUX;AUX;;;;AUX;_|_|_|_|_;_|PRIP|_|_
SL_1_GEC_AX;S3;AUX;AUX;;;;AUX;_|_|_|_|_;_|PRIP|_|_
SL_1_CLO_AX;S3;AUX;AUX;;;;AUX;_|_|_|_|_;_|PRIP|_|_
SL_1_ESSTAX;S3;AUX;AUX;;;;AUX;_|_|_|_|_;_|PRIP|_|_
SL_2_PCP_AX;S3;AUX;AUX;;;;AUX;_|_|_|_|_;_|PRIP|_|_
SL_2_S6N_AX;S3;AUX;AUX;;;;AUX;_|_|_|_|_;_|PRIP|_|_
SL_2_S7N_AX;S3;AUX;AUX;;;;AUX;_|_|_|_|_;_|PRIP|_|_
SL_2_S8N_AX;S3;AUX;AUX;;;;AUX;_|_|_|_|_;_|PRIP|_|_
SL_2_S9N_AX;S3;AUX;AUX;;;;AUX;_|_|_|_|_;_|PRIP|_|_
SL_2_F1N_AX;S3;AUX;AUX;;;;AUX;_|_|_|_|_;_|PRIP|_|_
SL_2_F2N_AX;S3;AUX;AUX;;;;AUX;_|_|_|_|_;_|PRIP|_|_
SL_2_S7O_AX;S3;AUX;AUX;;;;AUX;_|_|_|_|_;_|PRIP|_|_
SL_2_S8O_AX;S3;AUX;AUX;;;;AUX;_|_|_|_|_;_|PRIP|_|_
SL_2_S9O_AX;S3;AUX;AUX;;;;AUX;_|_|_|_|_;_|PRIP|_|_
SL_2_N2_CAX;S3;AUX;AUX;;;;AUX;_|_|_|_|_;_|PRIP|_|_
SL_2_N3RCAX;S3;AUX;AUX;;;;AUX;_|_|_|_|_;_|PRIP|_|_
SL_2_N3_CAX;S3;AUX;AUX;;;;AUX;_|_|_|_|_;_|PRIP|_|_
SL_2_D2_CAX;S3;AUX;AUX;;;;AUX;_|_|_|_|_;_|PRIP|_|_
SL_2_D3_CAX;S3;AUX;AUX;;;;AUX;_|_|_|_|_;_|PRIP|_|_
SL_2_SST_AX;S3;AUX;AUX;;;;AUX;_|_|_|_|_;_|PRIP|_|_
SL_2_SDI3AX;S3;AUX;AUX;;;;AUX;_|_|_|_|_;_|PRIP|_|_
SL_2_SDI2AX;S3;AUX;AUX;;;;AUX;_|_|_|_|_;_|PRIP|_|_
SL_2_SSESAX;S3;AUX;AUX;;;;AUX;_|_|_|_|_;_|PRIP|_|_
SL_2_LSTCAX;S3;AUX;AUX;;;;AUX;_|_|_|_|_;_|PRIP|_|_
SL_2_LSTBAX;S3;AUX;AUX;;;;AUX;_|_|_|_|_;_|PRIP|_|_
SL_2_LSTVAX;S3;AUX;AUX;;;;AUX;_|_|_|_|_;_|PRIP|_|_
SL_2_LSTWAX;S3;AUX;AUX;;;;AUX;_|_|_|_|_;_|PRIP|_|_
SL_2_LSTEAX;S3;AUX;AUX;;;;AUX;_|_|_|_|_;_|PRIP|_|_
SL_2_FRPTAX;S3;AUX;AUX;;;;AUX;_|_|_|_|_;_|PRIP|_|_
SL_2_SSTAAX;S3;AUX;AUX;;;;AUX;AUXIP|_|_|_|_;_|PRIP|LTA|DA
SL_2_IMSCAX;S3;AUX;AUX;;;;AUX;_|_|_|_|_;_|PRIP|_|_
SL_2_DIMSAX;S3;AUX;AUX;;;;AUX;AUXIP|_|LTA|DA|_;_|PRIP|LTA|DA
SR_2_NRPPAX;S3;AUX;AUX;;;;AUX;AUXIP|_|LTA|_|_;AUXIP|PRIP|LTA|_
OL_1_MCHDAX;S3;AUX;AUX;;;;AUX;_|_|_|_|_;_|PRIP|_|_
SL_1_MCHDAX;S3;AUX;AUX;;;;AUX;_|_|_|_|_;_|PRIP|_|_
SY_1_PCP_AX;S3;AUX;AUX;;;;AUX;_|_|_|_|_;_|PRIP|_|_
SY_1_CDIBAX;S3;AUX;AUX;;;;AUX;_|_|_|_|_;_|PRIP|_|_
SY_2_PCPSAX;S3;AUX;AUX;;;;AUX;_|_|_|_|_;_|PRIP|_|_
SY_2_PCP_AX;S3;AUX;AUX;;;;AUX;_|_|_|_|_;_|PRIP|_|_
SY_2_RAD_AX;S3;AUX;AUX;;;;AUX;_|_|_|_|_;_|PRIP|_|_
SY_2_RADPAX;S3;AUX;AUX;;;;AUX;_|_|_|_|_;_|PRIP|_|_
SY_2_SPCPAX;S3;AUX;AUX;;;;AUX;_|_|_|_|_;_|PRIP|_|_
SY_2_RADSAX;S3;AUX;AUX;;;;AUX;_|_|_|_|_;_|PRIP|_|_
SY_1_GCPBAX;S3;AUX;AUX;;;;AUX;_|_|_|_|_;_|PRIP|_|_
SL_2_ACLMAX;S3;AUX;AUX;;;;AUX;_|_|_|_|_;_|PRIP|_|_
SY_2_ART_AX;S3;AUX;AUX;;;;AUX;_|_|_|_|_;_|PRIP|_|_
SL_2_ART_AX;S3;AUX;AUX;;;;AUX;_|_|_|_|_;_|PRIP|_|_
SL_2_OSR_AX;S3;AUX;AUX;;;;AUX;_|_|_|_|_;_|PRIP|_|_
SL_2_PCPAAX;S3;AUX;AUX;;;;AUX;_|_|_|_|_;_|PRIP|_|_
SY_2_ACLMAX;S3;AUX;AUX;;;;AUX;_|_|_|_|_;_|PRIP|_|_
SY_2_LSR_AX;S3;AUX;AUX;;;;AUX;_|_|_|_|_;_|PRIP|_|_
SY_2_OSR_AX;S3;AUX;AUX;;;;AUX;_|_|_|_|_;_|PRIP|_|_
SY_2_PCPAAX;S3;AUX;AUX;;;;AUX;_|_|_|_|_;_|PRIP|_|_
SL_2_CFM_AX;S3;AUX;AUX;;;;AUX;_|_|_|_|_;_|PRIP|_|_
SL_2_FXPAAX;S3;AUX;AUX;;;;AUX;_|_|_|_|_;_|PRIP|_|_
SL_2_PCPFAX;S3;AUX;AUX;;;;AUX;_|_|_|_|_;_|PRIP|_|_
SL_2_PLFMAX;S3;AUX;AUX;;;;AUX;_|_|_|_|_;_|PRIP|_|_
SL_2_SXPAAX;S3;AUX;AUX;;;;AUX;_|_|_|_|_;_|PRIP|_|_
SL_1_IRE_AX;S3;AUX;AUX;;;;AUX;_|_|_|_|_;_|PRIP|_|_
SL_1_LCC_AX;S3;AUX;AUX;;;;AUX;_|_|_|_|_;_|PRIP|_|_
SL_1_CDP_AX;S3;AUX;AUX;;;;AUX;_|_|_|_|_;_|PRIP|_|_
SL_1_CLP_AX;S3;AUX;AUX;;;;AUX;_|_|_|_|_;_|PRIP|_|_
SL_1_ADJ_AX;S3;AUX;AUX;;;;AUX;_|_|_|_|_;_|PRIP|_|_
SL_1_RTT_AX;S3;AUX;AUX;;;;AUX;_|_|_|_|_;_|PRIP|_|_
SY_2_AODCAX;S3;AUX;AUX;;;;AUX;_|_|_|_|_;_|PRIP|_|_
OPER_L0__ENG_A_;S5;L0_;L0_;TROPOMI;;;PRODUCT|L0;_|PRIP|LTA|DA|_;_|_|LTA|DA
OPER_L0__ODB_1_;S5;L0_;L0_;TROPOMI;;;PRODUCT|L0;_|PRIP|LTA|DA|_;_|_|LTA|DA
OPER_L0__ODB_2_;S5;L0_;L0_;TROPOMI;;;PRODUCT|L0;_|PRIP|LTA|DA|_;_|_|LTA|DA
OPER_L0__ODB_3_;S5;L0_;L0_;TROPOMI;;;PRODUCT|L0;_|PRIP|LTA|DA|_;_|_|LTA|DA
OPER_L0__ODB_4_;S5;L0_;L0_;TROPOMI;;;PRODUCT|L0;_|PRIP|LTA|DA|_;_|_|LTA|DA
OPER_L0__ODB_5_;S5;L0_;L0_;TROPOMI;;;PRODUCT|L0;_|PRIP|LTA|DA|_;_|_|LTA|DA
OPER_L0__ODB_6_;S5;L0_;L0_;TROPOMI;;;PRODUCT|L0;_|PRIP|LTA|DA|_;_|_|LTA|DA
OPER_L0__ODB_7_;S5;L0_;L0_;TROPOMI;;;PRODUCT|L0;_|PRIP|LTA|DA|_;_|_|LTA|DA
OPER_L0__ODB_8_;S5;L0_;L0_;TROPOMI;;;PRODUCT|L0;_|PRIP|LTA|DA|_;_|_|LTA|DA
OPER_L0__SAT_A_;S5;L0_;L0_;TROPOMI;;;PRODUCT|L0;_|PRIP|LTA|DA|_;_|_|LTA|DA
OFFL_L1B_CA_SIR;S5;L1_;L1B;TROPOMI;;;PRODUCT;_|PRIP|LTA|DA|_;_|_|LTA|DA
OFFL_L1B_CA_UVN;S5;L1_;L1B;TROPOMI;;;PRODUCT;_|PRIP|LTA|DA|_;_|_|LTA|DA
OFFL_L1B_ENG_DB;S5;L1_;L1B;TROPOMI;;;PRODUCT;_|PRIP|LTA|DA|_;_|_|LTA|DA
OFFL_L1B_IR_SIR;S5;L1_;L1B;TROPOMI;;;PRODUCT;_|PRIP|LTA|DA|DHUS;_|_|LTA|DA
OFFL_L1B_IR_UVN;S5;L1_;L1B;TROPOMI;;;PRODUCT;_|PRIP|LTA|DA|DHUS;_|_|LTA|DA
OFFL_L1B_RA_BD1;S5;L1_;L1B;TROPOMI;;;PRODUCT;_|PRIP|LTA|DA|DHUS;_|_|LTA|DA
OFFL_L1B_RA_BD2;S5;L1_;L1B;TROPOMI;;;PRODUCT;_|PRIP|LTA|DA|DHUS;_|_|LTA|DA
OFFL_L1B_RA_BD3;S5;L1_;L1B;TROPOMI;;;PRODUCT;_|PRIP|LTA|DA|DHUS;_|_|LTA|DA
OFFL_L1B_RA_BD4;S5;L1_;L1B;TROPOMI;;;PRODUCT;_|PRIP|LTA|DA|DHUS;_|_|LTA|DA
OFFL_L1B_RA_BD5;S5;L1_;L1B;TROPOMI;;;PRODUCT;_|PRIP|LTA|DA|DHUS;_|_|LTA|DA
OFFL_L1B_RA_BD6;S5;L1_;L1B;TROPOMI;;;PRODUCT;_|PRIP|LTA|DA|DHUS;_|_|LTA|DA
OFFL_L1B_RA_BD7;S5;L1_;L1B;TROPOMI;;;PRODUCT;_|PRIP|LTA|DA|DHUS;_|_|LTA|DA
OFFL_L1B_RA_BD8;S5;L1_;L1B;TROPOMI;;;PRODUCT;_|PRIP|LTA|DA|DHUS;_|_|LTA|DA
OFFL_L2__AER_AI;S5;L2_;PyCAMA;TROPOMI;;;PRODUCT;_|PRIP|LTA|DA|DHUS;_|_|LTA|DA
OFFL_L2__AER_LH;S5;L2_;PyCAMA;TROPOMI;;;PRODUCT;_|PRIP|LTA|DA|DHUS;_|_|LTA|DA
OFFL_L2__CH4___;S5;L2_;PyCAMA;TROPOMI;;;PRODUCT;_|PRIP|LTA|DA|DHUS;_|_|LTA|DA
OFFL_L2__CLOUD_;S5;L2_;PyCAMA;TROPOMI;;;PRODUCT;_|PRIP|LTA|DA|DHUS;_|_|LTA|DA
OFFL_L2__CO____;S5;L2_;PyCAMA;TROPOMI;;;PRODUCT;_|PRIP|LTA|DA|DHUS;_|_|LTA|DA
OFFL_L2__FRESCO;S5;L2_;PyCAMA;TROPOMI;;;PRODUCT;_|PRIP|LTA|DA|_;_|_|LTA|DA
OFFL_L2__HCHO__;S5;L2_;PyCAMA;TROPOMI;;;PRODUCT;_|PRIP|LTA|DA|DHUS;_|_|LTA|DA
OFFL_L2__NO2___;S5;L2_;PyCAMA;TROPOMI;;;PRODUCT;_|PRIP|LTA|DA|DHUS;_|_|LTA|DA
OFFL_L2__NP_BD3;S5;L2_;PyCAMA;TROPOMI;;;PRODUCT;_|PRIP|LTA|DA|DHUS;_|_|LTA|DA
OFFL_L2__NP_BD6;S5;L2_;PyCAMA;TROPOMI;;;PRODUCT;_|PRIP|LTA|DA|DHUS;_|_|LTA|DA
OFFL_L2__NP_BD7;S5;L2_;PyCAMA;TROPOMI;;;PRODUCT;_|PRIP|LTA|DA|DHUS;_|_|LTA|DA
OFFL_L2__O3_TCL;S5;L2_;PyCAMA;TROPOMI;;;PRODUCT;_|PRIP|LTA|DA|DHUS;_|_|LTA|DA
OFFL_L2__O3__PR;S5;L2_;PyCAMA;TROPOMI;;;PRODUCT;_|PRIP|LTA|DA|DHUS;_|_|LTA|DA
OFFL_L2__O3____;S5;L2_;PyCAMA;TROPOMI;;;PRODUCT;_|PRIP|LTA|DA|DHUS;_|_|LTA|DA
OFFL_L2__SO2___;S5;L2_;PyCAMA;TROPOMI;;;PRODUCT;_|PRIP|LTA|DA|DHUS;_|_|LTA|DA
OPER_AUX_CTMANA;S5;AUX;PyCAMA;TROPOMI;;;AUX;_|PRIP|LTA|DA|_;_|PRIP|LTA|DA
OPER_AUX_CTMFCT;S5;AUX;PyCAMA;TROPOMI;;;AUX;_|PRIP|LTA|DA|_;_|PRIP|LTA|DA
NRTI_L1B_ENG_DB;S5;L1_;L1B;TROPOMI;;;PRODUCT;_|PRIP|_|_|_;_|_|_|DA
NRTI_L1B_RA_BD1;S5;L1_;L1B;TROPOMI;;;PRODUCT;_|PRIP|_|_|_;_|_|_|DA
NRTI_L1B_RA_BD2;S5;L1_;L1B;TROPOMI;;;PRODUCT;_|PRIP|_|_|_;_|_|_|DA
NRTI_L1B_RA_BD3;S5;L1_;L1B;TROPOMI;;;PRODUCT;_|PRIP|_|_|_;_|_|_|DA
NRTI_L1B_RA_BD4;S5;L1_;L1B;TROPOMI;;;PRODUCT;_|PRIP|_|_|_;_|_|_|DA
NRTI_L1B_RA_BD5;S5;L1_;L1B;TROPOMI;;;PRODUCT;_|PRIP|_|_|_;_|_|_|DA
NRTI_L1B_RA_BD6;S5;L1_;L1B;TROPOMI;;;PRODUCT;_|PRIP|_|_|_;_|_|_|DA
NRTI_L1B_RA_BD7;S5;L1_;L1B;TROPOMI;;;PRODUCT;_|PRIP|_|_|_;_|_|_|DA
NRTI_L1B_RA_BD8;S5;L1_;L1B;TROPOMI;;;PRODUCT;_|PRIP|_|_|_;_|_|_|DA
NRTI_L2__AER_AI;S5;L2_;PyCAMA;TROPOMI;;;PRODUCT;_|PRIP|_|_|DHUS;_|_|_|DA
NRTI_L2__AER_LH;S5;L2_;PyCAMA;TROPOMI;;;PRODUCT;_|PRIP|_|_|DHUS;_|_|_|DA
NRTI_L2__CLOUD_;S5;L2_;PyCAMA;TROPOMI;;;PRODUCT;_|PRIP|_|_|DHUS;_|_|_|DA
NRTI_L2__CO____;S5;L2_;PyCAMA;TROPOMI;;;PRODUCT;_|PRIP|_|_|DHUS;_|_|_|DA
NRTI_L2__FRESCO;S5;L2_;PyCAMA;TROPOMI;;;PRODUCT;_|PRIP|_|_|_;_|_|_|DA
NRTI_L2__HCHO__;S5;L2_;PyCAMA;TROPOMI;;;PRODUCT;_|PRIP|_|DA|DHUS;_|_|_|DA
NRTI_L2__NO2___;S5;L2_;PyCAMA;TROPOMI;;;PRODUCT;_|PRIP|_|DA|DHUS;_|PRIP|_|DA
NRTI_L2__O3_TCL;S5;L2_;PyCAMA;TROPOMI;;;PRODUCT;_|PRIP|_|DA|_;_|_|_|DA
NRTI_L2__O3__PR;S5;L2_;PyCAMA;TROPOMI;;;PRODUCT;_|PRIP|_|DA|DHUS;_|_|_|DA
NRTI_L2__O3____;S5;L2_;PyCAMA;TROPOMI;;;PRODUCT;_|PRIP|_|DA|DHUS;_|_|_|DA
NRTI_L2__SO2___;S5;L2_;PyCAMA;TROPOMI;;;PRODUCT;_|PRIP|_|DA|DHUS;_|_|_|DA
NRTI_AUX_MET_2D;S5;AUX;PyCAMA;TROPOMI;;;AUX;_|PRIP|_|DA|_;_|_|_|DA
NRTI_AUX_MET_QP;S5;AUX;PyCAMA;TROPOMI;;;AUX;_|PRIP|_|DA|_;_|_|_|DA
NRTI_AUX_MET_TP;S5;AUX;PyCAMA;TROPOMI;;;AUX;_|PRIP|_|DA|_;_|_|_|DA
OFFL_ICM_CA_SIR;S5;Calibration;Calibration;TROPOMI;;;PRODUCT;_|PRIP|LTA|DA|_;_|_|LTA|DA
OFFL_ICM_CA_UVN;S5;Calibration;Calibration;TROPOMI;;;PRODUCT;_|PRIP|LTA|DA|_;_|_|LTA|DA
ICM_CKDSIR;S5;Calibration;Calibration;TROPOMI;;;PRODUCT;_|PRIP|LTA|DA|_;_|_|LTA|DA
ICM_CKDUVN;S5;Calibration;Calibration;TROPOMI;;;PRODUCT;_|PRIP|LTA|DA|_;_|_|LTA|DA
AUX_BGHCHO;S5;AUX;AUX;;;;AUX;_|PRIP|LTA|DA|_;_|_|LTA|DA
AUX_BGSO2_;S5;AUX;AUX;;;;AUX;_|PRIP|LTA|DA|_;_|_|LTA|DA
AUX_BGO3__;S5;AUX;AUX;;;;AUX;_|PRIP|LTA|DA|_;_|_|LTA|DA
AUX_BGCLD_;S5;AUX;AUX;;;;AUX;_|PRIP|LTA|DA|_;_|_|LTA|DA
AUX_CTMCH4;S5;AUX;AUX;;;;AUX;_|PRIP|LTA|DA|_;_|PRIP|LTA|DA
AUX_CTM_CO;S5;AUX;AUX;;;;AUX;_|PRIP|LTA|DA|_;_|PRIP|LTA|DA
AUX_NISE;S5;AUX;AUX;;;;AUX;_|PRIP|LTA|DA|_;_|_|LTA|DA
AUX_IERS_B;S5;AUX;AUX;;;;AUX;_|PRIP|LTA|DA|_;_|_|LTA|DA
AUX_IERS_C;S5;AUX;AUX;;;;AUX;_|PRIP|LTA|DA|_;_|_|LTA|DA
AUX_ISRF;S5;AUX;AUX;;;;AUX;_|PRIP|LTA|DA|_;_|PRIP|LTA|DA
AUX_L1_CKD;S5;AUX;AUX;;;;AUX;_|PRIP|LTA|DA|_;_|PRIP|LTA|DA
AUX_O3_M;S5;AUX;AUX;;;;AUX;_|PRIP|LTA|DA|_;_|PRIP|LTA|DA
MPL___NPIF_;S5;AUX;AUX;;;;AUX;_|_|LTA|_|_;_|PRIP|LTA|_
MPL____SAF;S5;AUX;AUX;;;;AUX;_|_|LTA|_|_;_|PRIP|LTA|_
MPL____SPF;S5;AUX;AUX;;;;AUX;_|_|LTA|_|_;_|PRIP|LTA|_
MPL_ORBPRE;S5;AUX;AUX;;;;AUX;_|_|LTA|_|_;_|PRIP|LTA|_
MPL_TLEPRE;S5;AUX;AUX;;;;AUX;_|_|LTA|_|_;_|PRIP|LTA|_
VIIRS_CM;S5;AUX;AUX;;;;AUX;_|_|_|_|_;_|PRIP|_|_
VIIRS_L1B_GEO;S5;AUX;AUX;;;;AUX;_|_|_|_|_;_|PRIP|_|_
VIIRS_L1B_RR;S5;AUX;AUX;;;;AUX;_|_|_|_|_;_|PRIP|_|_
L2VOAER_AI;S5;VDAF;VDAF;TROPOMI;;;PRODUCT;_|PRIP|_|_|_;_|_|_|_
L2VOAER_LH;S5;VDAF;VDAF;TROPOMI;;;PRODUCT;_|PRIP|_|_|_;_|_|_|_
L2VO_CH4___;S5;VDAF;VDAF;TROPOMI;;;PRODUCT;_|PRIP|_|_|_;_|_|_|_
L2VO_CLOUD_;S5;VDAF;VDAF;TROPOMI;;;PRODUCT;_|PRIP|_|_|_;_|_|_|_
L2VO_CO____;S5;VDAF;VDAF;TROPOMI;;;PRODUCT;_|PRIP|_|_|_;_|_|_|_
L2VOHCHO__;S5;VDAF;VDAF;TROPOMI;;;PRODUCT;_|PRIP|_|_|_;_|_|_|_
L2VONO2___;S5;VDAF;VDAF;TROPOMI;;;PRODUCT;_|PRIP|_|_|_;_|_|_|_
L2VOO3_TCL;S5;VDAF;VDAF;TROPOMI;;;PRODUCT;_|PRIP|_|_|_;_|_|_|_
L2VOO3__PR;S5;VDAF;VDAF;TROPOMI;;;PRODUCT;_|PRIP|_|_|_;_|_|_|_
L2VOO3____;S5;VDAF;VDAF;TROPOMI;;;PRODUCT;_|PRIP|_|_|_;_|_|_|_
L2VOSO2___;S5;VDAF;VDAF;TROPOMI;;;PRODUCT;_|PRIP|_|_|_;_|_|_|_
OPER_L0__PDQ___;S5;L0_;L0_;TROPOMI;;;PRODUCT|L0;_|PRIP|LTA|DA|_;_|_|LTA|DA
MPC_AER_AI;S5;PyCAMA;PyCAMA;TROPOMI;;;PRODUCT;_|PRIP|_|_|_;_|_|_|_
MPC_AER_LH;S5;PyCAMA;PyCAMA;TROPOMI;;;PRODUCT;_|PRIP|_|_|_;_|_|_|_
MPC_CH4___;S5;PyCAMA;PyCAMA;TROPOMI;;;PRODUCT;_|PRIP|_|_|_;_|_|_|_
MPC_CLOUD_;S5;PyCAMA;PyCAMA;TROPOMI;;;PRODUCT;_|PRIP|_|_|_;_|_|_|_
MPC_CO____;S5;PyCAMA;PyCAMA;TROPOMI;;;PRODUCT;_|PRIP|_|_|_;_|_|_|_
MPC_FRESCO;S5;PyCAMA;PyCAMA;TROPOMI;;;PRODUCT;_|PRIP|_|_|_;_|_|_|_
MPC_HCHO__;S5;PyCAMA;PyCAMA;TROPOMI;;;PRODUCT;_|PRIP|_|_|_;_|_|_|_
MPC_NO2___;S5;PyCAMA;PyCAMA;TROPOMI;;;PRODUCT;_|PRIP|_|_|_;_|_|_|_
MPC_NP_BD3;S5;PyCAMA;PyCAMA;TROPOMI;;;PRODUCT;_|PRIP|_|_|_;_|_|_|_
MPC_NP_BD6;S5;PyCAMA;PyCAMA;TROPOMI;;;PRODUCT;_|PRIP|_|_|_;_|_|_|_
MPC_NP_BD7;S5;PyCAMA;PyCAMA;TROPOMI;;;PRODUCT;_|PRIP|_|_|_;_|_|_|_
MPC_O3____;S5;PyCAMA;PyCAMA;TROPOMI;;;PRODUCT;_|PRIP|_|_|_;_|_|_|_
MPC_O3__PR;S5;PyCAMA;PyCAMA;TROPOMI;;;PRODUCT;_|PRIP|_|_|_;_|_|_|_
MPC_O3_TCL;S5;PyCAMA;PyCAMA;TROPOMI;;;PRODUCT;_|PRIP|_|_|_;_|_|_|_
MPC_SO2___;S5;PyCAMA;PyCAMA;TROPOMI;;;PRODUCT;_|PRIP|_|_|_;_|_|_|_
OFFL_AUX_MET_2D;S5;AUX;PyCAMA;TROPOMI;;;AUX;_|PRIP|LTA|DA|_;_|_|_|DA
OFFL_AUX_MET_QP;S5;AUX;PyCAMA;TROPOMI;;;AUX;_|PRIP|LTA|DA|_;_|_|_|DA
OFFL_AUX_MET_TP;S5;AUX;PyCAMA;TROPOMI;;;AUX;_|PRIP|LTA|DA|_;_|_|_|DA
BUFR;S1;L2_;L2_;SAR;;;PRODUCT;_|PRIP|_|_|_;_|_|_|_
MSI_L1C___;S2;L1_;L1C;;;;BUNDLE;_|_|_|_|DHUS;_|_|_|_
MSI_L2A___;S2;L2_;L2A;;;;BUNDLE;_|_|_|_|DHUS;_|_|_|_
REP_MP_MP_;S1;MP;MP;;;;MP;AUXIP|_|_|_|_;AUXIP|_|_|_
MPL_MANPRE;S1;MP;MP;;;;MP;AUXIP|_|_|_|_;AUXIP|_|_|_
REP__SMPR_;S1;MP;MP;;;;MP;AUXIP|_|_|_|_;AUXIP|_|_|_
REP__SUP__;S1;MP;MP;;;;MP;AUXIP|_|_|_|_;AUXIP|_|_|_
MPL_MANPRE;S2;MP;MP;;;;MP;AUXIP|_|_|_|_;AUXIP|_|_|_
REP__CHF__;S2;MP;MP;;;;MP;AUXIP|_|_|_|_;AUXIP|_|_|_
REP__FCHF_;S2;MP;MP;;;;MP;AUXIP|_|_|_|_;AUXIP|_|_|_
REP__SUP__;S2;MP;MP;;;;MP;AUXIP|_|_|_|_;AUXIP|_|_|_
REP__SMPR_;S2;MP;MP;;;;MP;AUXIP|_|_|_|_;AUXIP|_|_|_
SR_2_SICNAX;S3;AUX;AUX;;;;AUX;AUXIP|_|LTA|_|_;AUXIP|_|LTA|_
SR_2_SICSAX;S3;AUX;AUX;;;;AUX;AUXIP|_|LTA|_|_;AUXIP|_|LTA|_
SR_2_SIFNAX;S3;AUX;AUX;;;;AUX;AUXIP|_|LTA|_|_;AUXIP|_|LTA|_
SR_2_SIFSAX;S3;AUX;AUX;;;;AUX;AUXIP|_|LTA|_|_;AUXIP|_|LTA|_
